title,price_gbp,rating
"1,000 Places to See Before You Die",,5
A Time of Torment (Charlie Parker #14),,5
What Happened on Beale Street (Secrets of the South Mysteries #2),,5
The Bachelor Girl's Guide to Murder (Herringford and Watts Mysteries #1),,5
Private Paris (Private #10),,5
"We Love You, Charlie Freeman",,5
Thirst,,5
The Regional Office Is Under Attack!,,5
Finders Keepers (Bill Hodges Trilogy #2),,5
The Time Keeper,,5
"1,000 Places to See Before You Die",,5
A Time of Torment (Charlie Parker #14),,5
What Happened on Beale Street (Secrets of the South Mysteries #2),,5
The Bachelor Girl's Guide to Murder (Herringford and Watts Mysteries #1),,5
Private Paris (Private #10),,5
"We Love You, Charlie Freeman",,5
Thirst,,5
The Regional Office Is Under Attack!,,5
Finders Keepers (Bill Hodges Trilogy #2),,5
The Time Keeper,,5
"1,000 Places to See Before You Die",,5
A Time of Torment (Charlie Parker #14),,5
What Happened on Beale Street (Secrets of the South Mysteries #2),,5
The Bachelor Girl's Guide to Murder (Herringford and Watts Mysteries #1),,5
Private Paris (Private #10),,5
"We Love You, Charlie Freeman",,5
Thirst,,5
The Regional Office Is Under Attack!,,5
Finders Keepers (Bill Hodges Trilogy #2),,5
The Time Keeper,,5
"1,000 Places to See Before You Die",,5
A Time of Torment (Charlie Parker #14),,5
What Happened on Beale Street (Secrets of the South Mysteries #2),,5
The Bachelor Girl's Guide to Murder (Herringford and Watts Mysteries #1),,5
Private Paris (Private #10),,5
"We Love You, Charlie Freeman",,5
Thirst,,5
The Regional Office Is Under Attack!,,5
Finders Keepers (Bill Hodges Trilogy #2),,5
The Time Keeper,,5
"1,000 Places to See Before You Die",,5
A Time of Torment (Charlie Parker #14),,5
What Happened on Beale Street (Secrets of the South Mysteries #2),,5
The Bachelor Girl's Guide to Murder (Herringford and Watts Mysteries #1),,5
Private Paris (Private #10),,5
"We Love You, Charlie Freeman",,5
Thirst,,5
The Regional Office Is Under Attack!,,5
Finders Keepers (Bill Hodges Trilogy #2),,5
The Time Keeper,,5
Full Moon over Noahâs Ark: An Odyssey to Mount Ararat and Beyond,,4
A Year in Provence (Provence #1),,4
Sharp Objects,,4
The Past Never Ends,,4
The Murder of Roger Ackroyd (Hercule Poirot #4),,4
Murder at the 42nd Street Library (Raymond Ambler #1),,4
Delivering the Truth (Quaker Midwife Mystery #1),,4
The Vacationers,,4
The Testament of Mary,,4
Shtum,,4
I Am Pilgrim (Pilgrim #1),,4
Full Moon over Noahâs Ark: An Odyssey to Mount Ararat and Beyond,,4
A Year in Provence (Provence #1),,4
Sharp Objects,,4
The Past Never Ends,,4
The Murder of Roger Ackroyd (Hercule Poirot #4),,4
Murder at the 42nd Street Library (Raymond Ambler #1),,4
Delivering the Truth (Quaker Midwife Mystery #1),,4
The Vacationers,,4
The Testament of Mary,,4
Shtum,,4
I Am Pilgrim (Pilgrim #1),,4
Full Moon over Noahâs Ark: An Odyssey to Mount Ararat and Beyond,,4
A Year in Provence (Provence #1),,4
Sharp Objects,,4
The Past Never Ends,,4
The Murder of Roger Ackroyd (Hercule Poirot #4),,4
Murder at the 42nd Street Library (Raymond Ambler #1),,4
Delivering the Truth (Quaker Midwife Mystery #1),,4
The Vacationers,,4
The Testament of Mary,,4
Shtum,,4
I Am Pilgrim (Pilgrim #1),,4
Full Moon over Noahâs Ark: An Odyssey to Mount Ararat and Beyond,,4
A Year in Provence (Provence #1),,4
Sharp Objects,,4
The Past Never Ends,,4
The Murder of Roger Ackroyd (Hercule Poirot #4),,4
Murder at the 42nd Street Library (Raymond Ambler #1),,4
Delivering the Truth (Quaker Midwife Mystery #1),,4
The Vacationers,,4
The Testament of Mary,,4
Shtum,,4
I Am Pilgrim (Pilgrim #1),,4
Full Moon over Noahâs Ark: An Odyssey to Mount Ararat and Beyond,,4
A Year in Provence (Provence #1),,4
Sharp Objects,,4
The Past Never Ends,,4
The Murder of Roger Ackroyd (Hercule Poirot #4),,4
Murder at the 42nd Street Library (Raymond Ambler #1),,4
Delivering the Truth (Quaker Midwife Mystery #1),,4
The Vacationers,,4
The Testament of Mary,,4
Shtum,,4
I Am Pilgrim (Pilgrim #1),,4
